<?xml version="1.0" encoding="utf-8"?>
<odoo>
    <data>
        <!-- Reglas de acceso - Odoo creará automáticamente el registro en ir.model cuando cargue el modelo Python -->
        <record id="access_x_test_model_user" model="ir.model.access">
            <field name="name">x_test_model.user</field>
            <field name="model_id" ref="model_x_test_model"/>
            <field name="group_id" ref="base.group_user"/>
            <field name="perm_read" eval="1"/>
            <field name="perm_write" eval="1"/>
            <field name="perm_create" eval="1"/>
            <field name="perm_unlink" eval="1"/>
        </record>
    </data>
</odoo>

